transaction_amount,transaction_type,transaction_time,account_balance,merchant_risk,label
15444,1,4,10738,0.83,1
4655,0,20,72233,0.03,0
6269,1,23,10685,0.78,1
2991,1,8,26276,0.08,0
19994,1,3,7156,0.7,1
13029,1,3,9999,0.61,1
2834,1,12,29847,0.24,0
8203,1,22,2242,0.82,1
1374,0,9,86504,0.16,0
15235,1,1,11536,0.85,1
1158,0,12,49856,0.16,0
7229,1,3,5085,0.75,1
8289,1,23,5870,0.6,1
4165,0,20,35398,0.14,0
3349,0,13,32115,0.05,0
4503,1,17,24470,0.06,0
1464,0,15,43196,0.14,0
4712,1,9,68320,0.25,0
16666,1,1,12177,0.79,1
13705,1,23,802,0.82,1
4783,0,16,74061,0.28,0
9072,1,2,14098,0.86,1
9124,1,23,13880,0.83,1
14125,1,3,4533,0.99,1
14133,1,22,6204,0.94,1
4883,1,12,86024,0.04,0
17873,1,4,3673,0.73,1
1737,0,9,93297,0.26,0
950,1,8,21367,0.1,0
554,0,8,47723,0.19,0
2290,1,19,51324,0.14,0
4500,0,10,42443,0.01,0
3438,1,17,45537,0.14,0
1126,0,15,55631,0.26,0
16139,1,4,1677,0.64,1
4499,0,19,66819,0.19,0
15135,1,22,5945,0.89,1
16603,1,2,7070,0.61,1
6406,1,2,9706,0.95,1
3288,1,16,28906,0.12,0
4519,1,13,57650,0.04,0
12012,1,3,7651,0.8,1
2641,0,19,51010,0.18,0
205,1,9,32289,0.09,0
12787,1,1,12108,0.8,1
1386,1,17,49734,0.16,0
3754,0,8,94172,0.08,0
135,0,13,79189,0.17,0
1808,1,18,85429,0.25,0
12869,1,3,12668,0.91,1
6009,1,23,11117,0.74,1
2731,1,8,54084,0.1,0
12807,1,2,4183,0.77,1
3373,1,10,85481,0.14,0
4776,0,10,37633,0.15,0
14853,1,23,3352,0.85,1
6987,1,22,7827,0.85,1
15160,1,5,1600,0.83,1
13421,1,0,1269,0.71,1
4458,1,10,52117,0.14,0
18200,1,0,7102,0.99,1
4895,1,11,37625,0.11,0
15382,1,4,5601,0.7,1
18640,1,3,14710,0.76,1
11472,1,2,5689,0.74,1
6707,1,4,7204,0.92,1
2664,0,12,76549,0.18,0
14258,1,5,8479,0.73,1
441,1,14,39201,0.12,0
9874,1,1,10186,0.78,1
6661,1,3,14253,0.97,1
1968,1,16,48982,0.17,0
8493,1,5,1132,0.92,1
9083,1,0,14211,0.86,1
2662,1,20,92982,0.13,0
4825,1,15,82711,0.17,0
6285,1,4,13895,0.84,1
4651,1,8,96559,0.16,0
1623,1,11,25782,0.09,0
15793,1,0,840,0.74,1
2596,0,11,62685,0.14,0
3367,1,13,85450,0.18,0
11435,1,4,8935,0.68,1
6560,1,1,11417,0.92,1
7826,1,5,11979,0.81,1
13629,1,5,3638,0.91,1
19235,1,5,8764,0.73,1
4325,0,11,75249,0.2,0
2085,0,13,49984,0.28,0
11901,1,0,9825,0.95,1
14429,1,4,11638,0.97,1
13045,1,0,6272,0.74,1
3064,0,16,51822,0.29,0
4323,0,20,94270,0.16,0
11777,1,4,6447,0.93,1
8719,1,4,12830,0.84,1
2810,0,10,99364,0.24,0
12488,1,1,7025,0.99,1
19564,1,22,5675,0.72,1
11078,1,2,12668,0.66,1
1279,0,10,26406,0.21,0
708,0,14,74823,0.25,0
1482,0,20,32411,0.26,0
13857,1,22,10200,0.95,1
867,0,14,46715,0.15,0
1864,0,12,81949,0.08,0
2393,1,12,43177,0.21,0
1000,0,12,79353,0.08,0
2485,0,11,61424,0.04,0
4895,1,12,49300,0.15,0
645,0,19,53361,0.15,0
17996,1,3,14736,0.78,1
12164,1,1,11136,0.65,1
6016,1,23,892,0.97,1
671,0,8,40281,0.08,0
2379,0,18,48602,0.14,0
13088,1,22,8580,0.63,1
955,1,12,50111,0.3,0
2248,0,15,80920,0.23,0
9456,1,4,12198,0.63,1
8711,1,0,2168,0.8,1
18519,1,1,10642,0.72,1
15866,1,3,13186,0.97,1
2646,0,18,49956,0.17,0
2137,1,17,62533,0.03,0
12511,1,3,8004,0.72,1
3939,0,16,72161,0.2,0
1062,0,11,46189,0.03,0
18504,1,1,12906,0.62,1
469,0,11,45227,0.15,0
6769,1,5,1280,0.83,1
9983,1,23,12051,0.86,1
622,0,8,78279,0.18,0
4140,0,18,74093,0.14,0
3797,1,11,66804,0.21,0
6685,1,0,7531,0.99,1
15759,1,5,538,0.93,1
7256,1,22,8197,0.85,1
13165,1,4,14715,0.89,1
12381,1,22,13450,0.86,1
18543,1,5,9353,0.98,1
2681,0,20,33057,0.05,0
10558,1,3,8974,0.98,1
1586,0,15,49739,0.22,0
9754,1,4,2224,0.89,1
614,0,10,71612,0.04,0
1404,1,15,61321,0.17,0
12272,1,3,9976,0.94,1
1955,1,18,88056,0.17,0
4067,1,18,45498,0.21,0
8159,1,4,14204,0.82,1
2381,1,13,55851,0.23,0
1137,1,12,35379,0.1,0
7778,1,22,5610,0.78,1
1224,0,20,38313,0.27,0
326,0,13,98645,0.21,0
2552,0,11,81627,0.24,0
16512,1,22,11322,0.79,1
4721,1,12,43225,0.17,0
17139,1,23,11505,0.79,1
693,1,19,48731,0.1,0
3490,0,13,69815,0.11,0
641,1,12,63934,0.25,0
16258,1,23,13527,0.65,1
12256,1,22,11220,0.63,1
7651,1,0,3310,0.91,1
15518,1,2,1519,0.72,1
18448,1,0,12985,0.85,1
2110,1,19,77418,0.22,0
18889,1,23,9528,0.67,1
19884,1,1,2597,0.66,1
3796,0,13,55525,0.16,0
7900,1,2,7400,0.62,1
14738,1,5,5517,0.94,1
2103,1,17,45279,0.15,0
15817,1,3,13425,0.88,1
3078,0,16,63619,0.23,0
19493,1,5,14639,0.65,1
1719,1,11,43252,0.03,0
15067,1,1,11153,0.61,1
10998,1,2,2474,0.95,1
731,1,13,29833,0.25,0
6581,1,3,9532,0.79,1
15911,1,2,3143,0.84,1
974,0,11,37073,0.13,0
3241,1,9,27927,0.17,0
11591,1,22,9635,0.97,1
7449,1,1,3039,0.91,1
12285,1,0,4760,0.98,1
19393,1,4,4170,0.68,1
2452,0,16,82292,0.19,0
524,0,12,44259,0.13,0
6597,1,22,2836,0.8,1
672,1,17,38474,0.03,0
3769,0,9,70669,0.14,0
3748,0,12,34357,0.26,0
9137,1,1,597,0.94,1
4630,1,13,94071,0.24,0
4766,0,10,30800,0.07,0
8324,1,3,9869,0.73,1
19171,1,5,6274,0.68,1
1849,0,18,76700,0.14,0
2205,1,8,49118,0.17,0
4070,1,8,70729,0.15,0
4969,0,14,71578,0.12,0
4502,0,19,81001,0.04,0
8555,1,3,5916,0.83,1
13239,1,22,5500,0.75,1
12063,1,5,5723,0.8,1
4663,0,9,57711,0.26,0
6258,1,2,14437,0.67,1
3076,0,14,85031,0.27,0
787,0,11,59901,0.19,0
1881,1,16,82987,0.22,0
4058,1,20,62870,0.05,0
6669,1,4,7829,0.66,1
7125,1,1,14546,0.86,1
3811,0,16,75426,0.16,0
3964,1,17,52994,0.06,0
6264,1,3,12249,0.81,1
3090,1,16,63732,0.08,0
1254,1,17,89615,0.22,0
3931,0,8,45556,0.13,0
16785,1,0,6950,0.78,1
11433,1,2,7596,0.77,1
15087,1,5,6916,0.93,1
1774,1,18,94658,0.02,0
3040,1,9,57346,0.21,0
6155,1,22,2458,0.67,1
4319,1,14,61814,0.03,0
15794,1,3,941,0.8,1
4728,0,12,70100,0.2,0
12115,1,3,8068,0.9,1
18130,1,3,13632,0.95,1
7138,1,0,5241,0.86,1
2554,0,9,35223,0.12,0
6141,1,3,5096,0.81,1
3718,0,18,28787,0.02,0
6423,1,23,13057,0.96,1
1850,0,16,73330,0.29,0
3046,1,16,79675,0.02,0
17981,1,22,11502,0.85,1
4828,0,11,24493,0.07,0
1560,0,15,63472,0.08,0
16559,1,0,12139,0.71,1
1862,0,16,91363,0.03,0
1087,1,16,74869,0.27,0
9198,1,22,5290,0.81,1
1185,1,19,74306,0.09,0
18781,1,1,1992,0.8,1
7348,1,23,9991,0.69,1
2144,0,16,66403,0.26,0
10577,1,23,11219,0.82,1
442,0,19,26581,0.14,0
6526,1,0,13446,0.95,1
12748,1,5,8486,0.77,1
4700,1,11,38230,0.16,0
871,0,20,28770,0.2,0
6193,1,23,1685,0.78,1
19672,1,0,9802,0.76,1
2361,0,8,26716,0.15,0
14921,1,2,8315,0.69,1
4557,1,20,62604,0.15,0
19735,1,5,5910,0.77,1
11808,1,4,5296,0.6,1
7325,1,0,9905,0.92,1
4599,0,17,36724,0.14,0
803,0,18,85333,0.28,0
1900,1,8,24648,0.25,0
16004,1,2,12334,0.8,1
9112,1,22,4992,0.86,1
7517,1,2,5502,0.65,1
3729,0,15,81035,0.22,0
18871,1,23,11696,0.88,1
17531,1,4,3811,0.72,1
12246,1,3,3821,0.88,1
273,0,20,86262,0.02,0
1975,1,9,58211,0.12,0
16878,1,3,1093,0.64,1
1874,0,11,36715,0.03,0
8702,1,0,12698,0.76,1
9868,1,0,701,0.74,1
1966,0,9,90194,0.27,0
13544,1,22,14351,0.67,1
16693,1,2,13416,0.95,1
486,0,15,42785,0.01,0
4193,0,18,54624,0.03,0
7998,1,1,5976,0.65,1
4244,0,16,92982,0.25,0
1919,0,18,56268,0.09,0
10020,1,5,12397,0.83,1
17627,1,1,2323,0.92,1
19467,1,3,7490,0.9,1
8070,1,23,10733,0.74,1
1241,1,8,65734,0.16,0
3080,1,12,41312,0.11,0
3319,0,17,60379,0.12,0
7442,1,2,11746,0.63,1
18413,1,2,13604,0.64,1
675,1,9,97487,0.07,0
3375,0,11,25744,0.05,0
1499,1,10,90188,0.12,0
15370,1,5,14825,0.96,1
15449,1,2,10533,0.72,1
1010,0,17,22169,0.04,0
12313,1,3,8536,0.78,1
12789,1,3,1285,0.92,1
8416,1,4,12864,0.84,1
2036,0,13,47716,0.05,0
2452,0,20,25498,0.25,0
19865,1,1,1939,0.88,1
10857,1,0,840,0.73,1
19291,1,4,8991,0.92,1
1622,0,15,75778,0.05,0
16378,1,3,7152,0.99,1
3935,0,13,66840,0.24,0
8834,1,4,9690,0.75,1
7307,1,4,9348,0.88,1
16101,1,2,10738,0.98,1
7140,1,1,8958,0.74,1
3730,1,12,64789,0.24,0
6475,1,4,9668,0.87,1
2060,1,19,33893,0.05,0
2294,0,19,58635,0.23,0
4777,0,17,92805,0.16,0
2554,0,18,32991,0.15,0
9825,1,0,14502,0.95,1
3902,0,10,42190,0.23,0
8819,1,22,864,0.79,1
2658,0,11,28016,0.2,0
4035,0,13,41826,0.14,0
1042,1,14,71919,0.23,0
10117,1,4,6345,0.88,1
3737,0,12,71151,0.25,0
3852,0,15,78653,0.29,0
13470,1,2,12806,0.68,1
2941,1,14,30886,0.02,0
3463,1,8,62727,0.28,0
8235,1,23,8892,0.9,1
9747,1,2,10933,0.64,1
17798,1,0,5397,0.63,1
513,0,18,39810,0.17,0
15101,1,3,12736,0.97,1
2192,1,18,94085,0.1,0
2522,1,19,66092,0.2,0
8555,1,1,11034,0.76,1
1338,1,14,78394,0.02,0
13398,1,4,12570,0.69,1
11789,1,4,3328,0.84,1
3958,1,13,50750,0.27,0
1689,0,9,51921,0.22,0
1111,0,13,76378,0.23,0
11585,1,3,12394,0.66,1
10945,1,23,13141,0.88,1
1364,0,17,70961,0.09,0
2441,1,15,78161,0.15,0
8437,1,4,9580,0.63,1
14859,1,2,5228,0.74,1
10232,1,2,6293,0.72,1
15010,1,4,9798,0.95,1
2771,1,10,52441,0.02,0
2048,0,18,64760,0.21,0
4218,0,18,35372,0.06,0
3707,1,8,74040,0.1,0
4728,0,10,83115,0.3,0
1224,0,14,38971,0.26,0
7378,1,22,2019,0.68,1
326,0,19,58342,0.23,0
8257,1,4,9088,0.76,1
4844,1,18,54773,0.07,0
16860,1,22,9888,0.61,1
9976,1,23,9467,0.85,1
1039,0,15,82261,0.07,0
14547,1,4,12015,0.62,1
7548,1,0,10788,0.64,1
7673,1,4,13855,0.64,1
3757,0,12,38199,0.25,0
14016,1,3,4993,0.76,1
14088,1,2,2658,0.73,1
18043,1,5,5479,0.6,1
18458,1,0,9431,0.62,1
2377,1,14,39611,0.09,0
2612,0,17,75243,0.05,0
17956,1,1,6318,0.75,1
8792,1,1,14232,0.7,1
4163,0,16,60992,0.22,0
2666,0,19,66607,0.17,0
12516,1,3,1472,0.98,1
4502,0,18,47606,0.24,0
19767,1,4,11977,0.66,1
18903,1,2,12688,0.69,1
16849,1,1,3776,0.89,1
1341,0,15,44968,0.08,0
1947,1,9,81215,0.03,0
332,0,17,27659,0.19,0
3612,1,17,75751,0.19,0
11102,1,22,3983,0.85,1
7072,1,22,7207,0.73,1
1823,0,16,56081,0.21,0
2152,0,16,67562,0.02,0
1796,1,18,64769,0.08,0
3744,1,12,84805,0.28,0
2449,0,10,57853,0.26,0
2667,0,18,28811,0.25,0
3923,1,9,74110,0.08,0
15797,1,0,13367,0.97,1
8743,1,23,8366,0.98,1
456,0,10,58870,0.03,0
15077,1,1,14989,0.61,1
6619,1,2,9488,0.95,1
3525,1,18,44820,0.29,0
1029,1,20,38793,0.15,0
9423,1,3,13282,0.69,1
4382,1,9,75388,0.15,0
4332,1,11,38020,0.12,0
10009,1,22,10910,0.62,1
2317,0,9,40022,0.22,0
2937,0,16,86732,0.04,0
1561,0,18,75841,0.3,0
9743,1,0,11344,0.79,1
4006,0,12,23696,0.14,0
4029,0,9,65740,0.08,0
16195,1,4,3662,0.76,1
3108,0,17,44729,0.28,0
9699,1,22,14077,0.93,1
15256,1,0,14712,0.61,1
11520,1,5,11093,0.87,1
16152,1,4,14391,0.83,1
18938,1,23,13734,0.77,1
16827,1,1,12646,0.71,1
799,0,14,83814,0.26,0
13812,1,4,5057,0.9,1
15065,1,3,1922,0.81,1
3280,0,16,62351,0.11,0
6614,1,5,11663,0.85,1
10570,1,3,14701,0.97,1
8468,1,0,10082,0.92,1
4235,0,11,82433,0.23,0
2683,1,10,36673,0.26,0
12614,1,4,7915,0.71,1
3024,0,12,77149,0.16,0
3932,0,13,54148,0.22,0
16919,1,22,14426,0.72,1
3488,0,10,42318,0.07,0
19131,1,5,4582,0.86,1
2898,0,20,71001,0.1,0
2849,1,18,85458,0.06,0
10591,1,2,7714,0.91,1
3722,0,13,48884,0.17,0
7991,1,0,8963,0.63,1
1922,1,18,50881,0.24,0
14712,1,0,4222,0.85,1
2873,0,11,98958,0.22,0
17156,1,4,3300,0.8,1
15944,1,2,12567,0.98,1
19182,1,23,7861,0.87,1
3594,0,8,85942,0.05,0
6508,1,5,4164,0.61,1
6680,1,4,2620,0.73,1
4457,1,12,21538,0.04,0
660,1,20,54998,0.17,0
4020,0,11,70719,0.12,0
468,0,11,38919,0.24,0
16016,1,5,5269,0.77,1
3486,0,13,76184,0.16,0
2486,0,12,59194,0.15,0
1099,0,10,78002,0.13,0
1581,1,11,47798,0.1,0
3193,1,12,63526,0.1,0
474,0,14,31442,0.01,0
4659,0,8,20112,0.02,0
2478,0,19,86960,0.28,0
616,1,12,20887,0.24,0
19629,1,1,4451,0.73,1
10821,1,4,8558,0.62,1
2706,0,8,66220,0.24,0
2538,1,14,42931,0.09,0
2861,1,15,74845,0.16,0
2469,1,12,82875,0.13,0
7988,1,1,12237,0.83,1
9802,1,0,11967,0.63,1
16626,1,1,6741,0.79,1
307,1,15,96361,0.21,0
253,1,14,87054,0.29,0
8600,1,5,2695,0.83,1
18883,1,2,11106,0.82,1
2949,1,13,54510,0.17,0
4268,1,13,65800,0.16,0
2655,0,11,94816,0.04,0
4857,1,12,21813,0.19,0
8461,1,0,6624,0.76,1
3028,0,14,85618,0.29,0
17683,1,0,2593,0.67,1
275,1,17,98513,0.04,0
1464,1,19,80686,0.25,0
2526,1,17,88498,0.18,0
18048,1,2,2924,0.86,1
4117,1,15,30278,0.07,0
14342,1,22,14291,0.96,1
2884,0,12,25039,0.27,0
16442,1,4,5541,0.89,1
1437,0,9,54397,0.29,0
1773,1,10,25283,0.28,0
17949,1,2,2493,0.8,1
7014,1,23,1102,0.8,1
6690,1,5,989,0.77,1
16748,1,5,8286,0.81,1
4127,0,13,38257,0.24,0
8817,1,4,4141,0.7,1
11307,1,5,2541,0.79,1
3797,1,12,67195,0.13,0
162,0,18,27352,0.07,0
4451,0,18,49493,0.02,0
9278,1,0,9514,0.88,1
17173,1,1,8812,0.7,1
19652,1,23,9616,0.63,1
2861,1,9,51174,0.22,0
902,1,8,22187,0.08,0
16551,1,1,4106,0.7,1
6060,1,22,10605,0.92,1
12296,1,4,14122,0.68,1
666,1,11,82061,0.11,0
18601,1,22,11587,0.94,1
1336,1,13,79500,0.16,0
761,0,12,52854,0.25,0
3042,1,20,21700,0.13,0
3729,0,14,74316,0.06,0
3787,1,12,61605,0.24,0
4857,0,8,90269,0.06,0
13081,1,2,7617,0.65,1
17259,1,2,11671,0.65,1
19545,1,3,7678,0.7,1
2394,0,10,67221,0.07,0
4607,0,18,28328,0.13,0
3105,1,10,28640,0.07,0
19665,1,2,4736,0.94,1
17169,1,4,12707,0.97,1
2707,1,20,96700,0.14,0
4266,0,17,81744,0.21,0
19625,1,0,13914,0.76,1
1876,1,18,85048,0.21,0
13374,1,4,4200,0.69,1
19691,1,23,14860,0.89,1
15288,1,23,10539,0.93,1
6504,1,5,11164,0.79,1
3094,0,14,20717,0.16,0
758,1,20,24994,0.01,0
17181,1,5,2604,0.91,1
16674,1,23,3107,0.68,1
9719,1,5,3065,0.75,1
2439,1,11,31064,0.29,0
4277,0,20,22382,0.08,0
4416,0,20,46946,0.07,0
14397,1,23,12827,0.63,1
2721,0,19,22890,0.2,0
16858,1,23,8526,0.75,1
6897,1,5,9971,0.79,1
6670,1,3,2005,0.9,1
4914,0,11,41639,0.13,0
12457,1,4,3939,0.89,1
2954,1,11,40176,0.01,0
11330,1,23,8735,0.89,1
4778,1,19,54693,0.23,0
2548,0,10,65913,0.27,0
3656,0,17,79049,0.13,0
12410,1,5,3075,0.68,1
19370,1,0,7904,0.68,1
1729,1,17,63307,0.23,0
11455,1,0,4301,0.87,1
470,1,9,27485,0.24,0
6383,1,5,12569,0.81,1
10290,1,5,12726,0.85,1
19440,1,5,6611,0.67,1
6922,1,3,11642,0.7,1
3146,1,11,44031,0.23,0
10933,1,23,10055,0.9,1
303,0,15,23748,0.09,0
7093,1,4,5000,0.95,1
11710,1,4,3375,0.62,1
6689,1,23,11641,0.77,1
6365,1,2,12267,0.73,1
14092,1,22,12891,0.86,1
12033,1,1,2878,0.92,1
3939,1,18,95403,0.1,0
1214,1,17,70626,0.3,0
4546,0,20,83344,0.29,0
16698,1,2,3464,0.91,1
18795,1,23,7144,0.69,1
265,0,15,72656,0.23,0
3939,1,10,66287,0.13,0
17388,1,1,13126,0.83,1
1696,1,10,30922,0.21,0
6572,1,2,8332,0.69,1
8258,1,22,6539,0.75,1
19281,1,22,3087,0.81,1
1438,0,12,55595,0.15,0
11232,1,1,4039,0.97,1
15229,1,2,4883,0.78,1
3061,0,13,83185,0.04,0
1198,0,12,56182,0.21,0
3004,1,17,20917,0.06,0
1778,0,13,29941,0.18,0
4288,1,9,64435,0.21,0
18192,1,22,7726,0.87,1
10875,1,23,1641,0.87,1
8690,1,3,3755,0.97,1
10108,1,4,2357,0.82,1
8789,1,1,4375,0.63,1
1710,0,15,96949,0.21,0
19340,1,23,7629,0.63,1
10735,1,3,13415,0.7,1
1041,1,14,86798,0.21,0
2302,1,15,23327,0.24,0
18466,1,3,10520,0.95,1
9294,1,22,7931,0.97,1
15076,1,5,6919,0.74,1
19620,1,22,13732,0.86,1
12953,1,5,9616,0.63,1
1646,1,14,55179,0.06,0
862,0,13,22775,0.04,0
18851,1,22,7128,0.81,1
13972,1,5,10732,0.98,1
4431,0,15,45479,0.07,0
1183,1,19,35408,0.11,0
7036,1,23,4631,0.68,1
17349,1,3,11986,0.9,1
18453,1,22,2379,0.66,1
17905,1,22,8042,0.88,1
3473,1,12,67295,0.18,0
7447,1,23,6881,0.72,1
3283,0,14,39520,0.14,0
15182,1,1,5420,0.88,1
325,0,20,90744,0.18,0
17634,1,3,13723,0.86,1
2253,0,14,63856,0.23,0
4235,0,18,74353,0.15,0
6446,1,3,3609,0.93,1
19638,1,0,726,0.91,1
3059,0,11,52954,0.23,0
17069,1,23,2432,0.95,1
8032,1,4,6009,0.82,1
1981,1,13,66151,0.12,0
1795,0,13,95485,0.26,0
7666,1,4,7401,0.92,1
14597,1,23,7355,0.82,1
16245,1,5,10259,0.91,1
4582,1,19,29018,0.26,0
4008,0,16,83400,0.08,0
10820,1,1,14407,0.7,1
17669,1,3,5120,0.84,1
8985,1,1,8612,0.84,1
16956,1,0,10665,0.7,1
9968,1,22,2496,0.64,1
9129,1,23,6629,0.97,1
13446,1,5,9019,0.68,1
3645,1,20,91128,0.21,0
6886,1,1,11497,0.77,1
15104,1,5,1370,0.96,1
597,0,9,50676,0.23,0
1747,0,15,92307,0.2,0
2861,1,12,67574,0.19,0
4612,1,16,54485,0.3,0
15259,1,2,14654,0.78,1
1388,0,19,39692,0.04,0
11048,1,23,8763,0.96,1
19579,1,0,14942,0.91,1
982,1,18,42800,0.07,0
16745,1,4,10440,0.82,1
3578,1,13,33233,0.1,0
592,1,13,45832,0.09,0
2286,0,12,43666,0.1,0
18391,1,2,9562,0.7,1
372,1,15,81413,0.1,0
1673,1,10,76563,0.22,0
3389,1,11,71257,0.14,0
3459,0,11,58134,0.14,0
12226,1,1,10070,0.66,1
4991,0,9,52551,0.17,0
4667,0,11,40389,0.03,0
18424,1,22,11651,0.88,1
9358,1,23,10090,0.98,1
14728,1,22,6198,0.7,1
3149,1,11,64041,0.06,0
10247,1,4,5814,0.9,1
16703,1,0,770,0.78,1
18392,1,4,14498,0.76,1
8398,1,1,7495,0.9,1
13299,1,22,10403,0.87,1
6128,1,5,4172,0.88,1
9970,1,1,12936,0.77,1
727,0,20,65939,0.09,0
3314,1,11,45901,0.19,0
1083,0,12,55440,0.02,0
13531,1,22,9162,0.86,1
14721,1,4,4559,0.94,1
19159,1,22,8883,0.95,1
2285,0,8,23783,0.25,0
10668,1,23,2552,0.64,1
1816,0,15,40922,0.29,0
4032,0,18,44000,0.21,0
8866,1,5,6398,0.81,1
10939,1,22,2125,0.91,1
831,1,16,61574,0.29,0
12100,1,23,13461,0.62,1
1687,0,8,74710,0.07,0
15828,1,22,2932,0.7,1
3362,1,17,40884,0.23,0
4217,0,20,82671,0.12,0
3858,0,13,79993,0.06,0
265,0,20,81602,0.07,0
1362,0,13,72732,0.12,0
15968,1,22,9960,0.68,1
1183,0,13,85942,0.16,0
3176,0,13,88154,0.2,0
1511,0,20,80294,0.13,0
3034,0,18,35086,0.2,0
13504,1,2,10630,0.69,1
1798,0,19,38279,0.1,0
4340,1,9,57952,0.14,0
13331,1,4,12729,0.86,1
2545,0,11,77530,0.02,0
19501,1,3,5024,0.69,1
2384,1,10,48807,0.16,0
18458,1,22,4058,0.69,1
9847,1,22,4075,0.78,1
4298,1,16,73218,0.04,0
3401,0,12,36806,0.22,0
4366,1,14,77796,0.01,0
2075,1,19,72227,0.23,0
2153,0,9,70599,0.17,0
4652,0,11,88207,0.27,0
4642,0,18,90442,0.29,0
1575,0,10,69028,0.26,0
2601,0,8,40435,0.12,0
8806,1,2,1472,0.99,1
2223,1,8,82993,0.04,0
15032,1,22,13501,0.84,1
9246,1,4,3431,0.81,1
4225,1,9,51980,0.17,0
4690,1,17,48141,0.12,0
4570,1,16,45933,0.06,0
16287,1,1,10493,0.69,1
1720,1,20,47526,0.05,0
3041,1,19,67224,0.13,0
3166,0,8,75026,0.12,0
1112,1,13,99211,0.1,0
338,0,19,52443,0.13,0
2430,0,15,52006,0.05,0
18205,1,22,7643,0.64,1
6140,1,5,12318,0.91,1
18540,1,0,4971,0.7,1
14711,1,4,589,0.64,1
8843,1,5,10576,0.84,1
1025,0,17,86630,0.02,0
9195,1,4,12056,0.88,1
4082,0,11,32748,0.18,0
10159,1,4,10766,0.96,1
14476,1,3,5433,0.74,1
4069,0,9,59876,0.25,0
6044,1,2,5066,0.91,1
17690,1,5,2409,0.7,1
2681,0,11,65896,0.08,0
3506,1,16,61347,0.04,0
17780,1,3,10570,0.89,1
9748,1,5,10669,0.61,1
17563,1,1,6429,0.77,1
19918,1,22,5175,0.98,1
16717,1,22,13171,0.9,1
1976,1,10,46206,0.15,0
11953,1,2,2407,0.77,1
2463,1,14,85780,0.13,0
8176,1,2,1386,0.64,1
9398,1,1,12642,0.92,1
8654,1,0,7892,0.79,1
420,1,12,75913,0.24,0
1231,0,18,61777,0.21,0
12636,1,2,511,0.66,1
8842,1,0,2729,0.84,1
4851,0,13,87613,0.12,0
3967,1,20,90409,0.21,0
944,1,13,71502,0.03,0
1360,1,11,79754,0.04,0
4531,0,17,25543,0.05,0
1981,0,16,89345,0.25,0
4255,1,10,68803,0.06,0
19210,1,1,10386,0.91,1
626,1,19,52083,0.17,0
379,0,12,79095,0.11,0
11247,1,1,4927,0.66,1
4231,1,13,63646,0.21,0
19667,1,23,3276,0.72,1
17180,1,3,12935,0.97,1
294,0,20,73370,0.03,0
11060,1,3,11400,0.85,1
3914,0,13,78255,0.27,0
3313,0,19,45256,0.14,0
4751,1,20,56634,0.13,0
6615,1,23,6510,0.72,1
18330,1,0,1768,0.88,1
884,0,13,89590,0.25,0
4080,1,10,83108,0.16,0
6325,1,22,12172,0.75,1
2085,1,19,35960,0.12,0
740,0,14,82047,0.06,0
10078,1,5,1867,0.76,1
2675,1,10,38624,0.1,0
228,0,20,27493,0.18,0
11231,1,2,4244,0.85,1
2856,0,19,67315,0.21,0
3244,1,10,27130,0.19,0
14844,1,4,6831,0.9,1
1599,0,12,81269,0.08,0
10039,1,3,11963,0.98,1
3923,0,14,76396,0.17,0
19331,1,23,4806,0.92,1
12578,1,3,5826,0.81,1
18237,1,2,11405,0.72,1
17045,1,1,13214,0.71,1
8949,1,5,2407,0.72,1
14105,1,3,6196,0.98,1
18615,1,2,14887,0.88,1
475,0,14,80739,0.07,0
13833,1,5,14689,0.73,1
3734,1,12,53367,0.28,0
1392,1,13,56405,0.11,0
4455,0,8,99878,0.14,0
16762,1,3,14249,0.81,1
16668,1,22,4069,0.83,1
412,0,13,66546,0.03,0
2929,0,19,53040,0.04,0
7773,1,5,3047,0.76,1
4817,1,10,34693,0.12,0
343,0,14,75512,0.28,0
1972,1,16,49001,0.15,0
490,0,9,33029,0.26,0
772,0,12,29121,0.02,0
743,0,17,70435,0.17,0
13345,1,0,4886,0.65,1
1019,1,9,28947,0.03,0
11402,1,23,10561,0.66,1
607,1,10,94286,0.26,0
3202,0,8,72774,0.28,0
18249,1,23,4215,0.68,1
1401,0,19,91947,0.25,0
792,0,20,93984,0.1,0
1981,1,20,26533,0.22,0
1835,1,10,94852,0.13,0
13933,1,4,14353,0.86,1
8080,1,1,7896,0.91,1
961,0,16,37653,0.03,0
15974,1,4,1684,0.82,1
3288,0,11,25606,0.12,0
373,0,18,68849,0.12,0
1309,0,18,90211,0.07,0
3367,0,20,37857,0.25,0
8181,1,1,3596,0.77,1
17348,1,22,6382,0.97,1
4081,0,19,98002,0.19,0
364,0,13,92095,0.25,0
11673,1,4,9171,0.93,1
3422,1,14,20924,0.01,0
4973,0,10,31781,0.12,0
3465,0,10,29095,0.09,0
16361,1,3,4770,0.8,1
18884,1,2,1056,0.82,1
3187,0,16,73051,0.08,0
1116,1,14,73473,0.06,0
17671,1,0,14808,0.78,1
2413,1,15,72151,0.14,0
6305,1,3,12228,0.91,1
1617,0,16,88472,0.03,0
18421,1,22,10142,0.62,1
9261,1,4,10561,0.71,1
17707,1,22,6060,0.62,1
1179,0,16,50951,0.2,0
2879,0,16,41473,0.02,0
3069,0,15,52230,0.12,0
3440,0,11,86677,0.19,0
2997,1,14,89806,0.28,0
6494,1,4,13925,0.84,1
9510,1,2,5766,0.99,1
11428,1,1,7393,0.98,1
15643,1,23,10972,0.85,1
13082,1,22,7369,0.67,1
3446,0,14,48379,0.13,0
14890,1,0,3462,0.8,1
4887,1,8,76356,0.21,0
19921,1,22,6102,0.78,1
4489,0,14,61979,0.3,0
4179,1,20,80973,0.01,0
15654,1,22,2761,0.94,1
15959,1,4,6540,0.76,1
4858,0,14,51658,0.21,0
1475,0,18,23729,0.18,0
3396,1,14,41398,0.1,0
8987,1,1,3659,0.89,1
4875,0,14,21073,0.02,0
16586,1,5,10062,0.87,1
2256,0,12,60025,0.16,0
3348,0,12,32021,0.13,0
3572,1,9,50232,0.1,0
14488,1,5,12094,0.71,1
8597,1,5,6560,0.72,1
2981,1,14,21378,0.03,0
4341,1,11,92572,0.05,0
7058,1,5,2548,0.68,1
8476,1,0,5103,0.65,1
3653,1,9,85756,0.24,0
10818,1,0,5123,0.72,1
17080,1,0,7709,0.67,1
17169,1,23,8415,0.91,1
11521,1,1,9036,0.82,1
13813,1,4,6253,0.63,1
13016,1,23,2014,0.63,1
1101,1,16,43283,0.18,0
2747,0,16,69630,0.01,0
4386,1,20,66216,0.1,0
17472,1,23,8834,0.66,1
13987,1,4,3832,0.82,1
15873,1,22,4341,0.92,1
12915,1,1,8288,0.88,1
11214,1,0,13819,0.85,1
4386,0,16,79658,0.07,0
3680,0,11,32940,0.21,0
4187,0,14,47777,0.21,0
6571,1,22,10330,0.98,1
1274,0,17,20178,0.27,0
834,1,9,45363,0.12,0
4404,0,16,23084,0.13,0
6731,1,1,12138,0.8,1
16937,1,2,13381,0.68,1
15407,1,4,5574,0.76,1
13099,1,2,1393,0.68,1
10239,1,23,2763,0.92,1
3186,1,14,34605,0.06,0
3017,1,10,46928,0.03,0
210,0,10,40039,0.03,0
12738,1,1,9988,0.72,1
1072,1,17,30785,0.09,0
18805,1,23,1413,0.97,1
9197,1,0,1962,0.8,1
16570,1,1,12146,0.65,1
3653,0,18,74460,0.05,0
13769,1,23,14856,0.87,1
7894,1,5,5422,0.92,1
16003,1,23,4297,0.93,1
15836,1,0,3216,0.89,1
7335,1,5,13495,0.84,1
4582,0,15,70906,0.07,0
15158,1,3,3658,0.67,1
10938,1,1,6504,0.85,1
2722,1,16,74970,0.19,0
18002,1,23,1912,0.98,1
471,1,10,93843,0.15,0
7391,1,4,1840,0.74,1
8939,1,23,12391,0.64,1
15265,1,5,5313,0.73,1
3250,1,9,63254,0.09,0
4582,1,20,95452,0.05,0
7907,1,0,7424,0.98,1
4274,0,16,43649,0.06,0
2090,1,20,41029,0.03,0
19668,1,5,12331,0.81,1
4535,0,12,34626,0.27,0
12449,1,1,3699,0.76,1
13440,1,23,9133,0.62,1
696,1,13,96368,0.3,0
3831,0,10,83080,0.18,0
1836,0,16,77608,0.17,0
2821,0,13,63258,0.03,0
2474,1,8,20215,0.1,0
16364,1,1,7950,0.75,1
1667,1,17,53896,0.23,0
3753,0,9,91537,0.07,0
15271,1,0,14848,0.63,1
2841,0,12,57052,0.16,0
1018,1,17,61785,0.02,0
8118,1,23,645,0.98,1
19607,1,5,5065,0.91,1
11187,1,5,12580,0.93,1
2510,0,17,82894,0.13,0
2838,0,11,58871,0.03,0
19127,1,0,740,0.65,1
1507,0,10,52574,0.03,0
710,0,20,98282,0.27,0
3584,1,17,26080,0.29,0
2259,1,17,24368,0.1,0
16710,1,0,1730,0.91,1
7301,1,2,2410,0.65,1
1605,1,20,84384,0.25,0
3648,0,8,36562,0.15,0
15743,1,3,560,0.79,1
2995,0,11,69737,0.16,0
18152,1,2,1034,0.98,1
9398,1,3,6466,0.94,1
1104,0,14,52769,0.06,0
14316,1,0,11391,0.91,1
3020,1,13,96276,0.13,0
14081,1,5,14880,0.67,1
4586,0,18,26937,0.22,0
647,0,18,99737,0.04,0
4794,1,20,23225,0.23,0
2560,0,16,71880,0.28,0
2662,1,9,23114,0.03,0
3744,0,13,23174,0.19,0
3261,0,11,75421,0.08,0
17360,1,1,14002,0.86,1
10151,1,23,3100,0.81,1
18861,1,2,783,0.68,1
3665,0,17,77473,0.12,0
2160,0,14,75739,0.02,0
16686,1,1,1492,0.93,1
16776,1,4,2723,0.69,1
3337,0,15,52167,0.07,0
4804,0,12,90456,0.01,0
988,0,15,23720,0.11,0
4312,0,15,39385,0.23,0
8708,1,1,13482,0.71,1
685,0,9,99401,0.06,0
2248,0,8,71272,0.27,0
256,0,9,74675,0.18,0
4754,1,16,97004,0.08,0
1096,1,17,99795,0.15,0
1277,0,19,35792,0.14,0
7716,1,2,14804,0.95,1
10368,1,3,8596,0.77,1
9767,1,22,9334,0.77,1
4762,1,15,77204,0.18,0
15261,1,5,7511,0.91,1
7212,1,5,14641,0.77,1
13433,1,5,3011,0.75,1
3328,0,13,58799,0.15,0
17334,1,0,10049,0.81,1
4285,0,8,73785,0.02,0
823,0,11,85603,0.22,0
8506,1,1,897,0.91,1
1263,1,8,35116,0.19,0
3041,0,17,84148,0.07,0
11091,1,23,2101,0.61,1
1202,0,8,26447,0.17,0
7299,1,2,7201,0.83,1
18071,1,1,10227,0.98,1
2931,0,19,21996,0.27,0
6277,1,1,1023,0.93,1
11365,1,5,3622,0.67,1
10575,1,23,2297,0.68,1
915,0,12,69294,0.13,0
4573,1,12,56132,0.04,0
1510,0,8,66233,0.02,0
1272,1,13,54409,0.2,0
646,0,14,49709,0.21,0
6363,1,22,3809,0.81,1
4829,0,10,63965,0.25,0
9840,1,3,9562,0.83,1
19708,1,1,14941,0.88,1
13288,1,3,11589,0.88,1
6641,1,3,5700,0.88,1
6773,1,23,5232,0.86,1
9518,1,0,11634,0.7,1
2667,0,19,86275,0.07,0
16451,1,23,5627,0.9,1
15065,1,3,10992,0.86,1
19749,1,1,7624,0.91,1
8283,1,1,9169,0.96,1
12998,1,22,13940,0.88,1
11413,1,5,8368,0.79,1
8603,1,1,10161,0.6,1
1780,1,13,29111,0.1,0
169,1,14,54775,0.15,0
2879,0,19,75087,0.04,0
209,1,17,66825,0.18,0
10938,1,22,1237,0.76,1
331,1,20,88159,0.17,0
18576,1,4,6901,0.7,1
2376,0,10,49553,0.11,0
4597,0,15,26727,0.04,0
408,0,11,61136,0.29,0
3357,0,8,47689,0.19,0
4936,0,17,66330,0.09,0
2980,0,9,66900,0.04,0
4252,0,17,47829,0.08,0
16012,1,2,6733,0.8,1
1373,1,9,47594,0.23,0
2736,1,19,33569,0.01,0
12022,1,1,3659,0.73,1
353,1,12,95148,0.2,0
3501,1,16,25812,0.1,0
6654,1,1,1259,0.95,1
3071,1,11,71028,0.12,0
4221,1,14,59148,0.14,0
15702,1,23,3008,0.65,1
13311,1,5,12976,0.98,1
4811,0,12,33161,0.02,0
14075,1,1,4952,0.72,1
12496,1,3,8188,0.81,1
17189,1,3,12457,0.84,1
198,0,9,71567,0.25,0
1165,0,12,48742,0.21,0
1323,1,10,66762,0.24,0
12821,1,22,6392,0.76,1
4377,0,19,46627,0.28,0
19135,1,23,13591,0.98,1
3119,0,12,62292,0.06,0
10002,1,5,11826,0.85,1
14417,1,0,2497,0.75,1
13422,1,4,9125,0.89,1
2829,1,11,31332,0.09,0
13334,1,23,8452,0.76,1
3857,1,14,91101,0.2,0
1273,0,18,20835,0.16,0
997,1,15,22429,0.02,0
15118,1,22,5787,0.72,1
4122,1,19,59385,0.18,0
17630,1,4,7554,0.77,1
19247,1,5,3991,0.9,1
3164,1,19,45163,0.17,0
7847,1,3,12626,0.94,1
4026,0,11,81646,0.25,0
264,0,8,88593,0.25,0
502,0,9,75501,0.05,0
967,1,10,53132,0.07,0
3932,0,11,77889,0.25,0
4250,1,17,49992,0.06,0
552,0,17,86917,0.11,0
19439,1,2,8072,0.64,1
12747,1,0,12506,0.85,1
4244,0,12,55897,0.05,0
2626,0,15,50373,0.14,0
2294,1,8,99693,0.19,0
545,0,8,97065,0.16,0
1948,1,17,63226,0.19,0
4322,0,14,23443,0.14,0
6693,1,0,8847,0.7,1
7812,1,1,14754,0.71,1
4214,0,8,67340,0.03,0
10372,1,2,13532,0.77,1
1276,0,13,34390,0.03,0
2831,0,12,44502,0.22,0
472,0,14,30748,0.25,0
603,0,17,35123,0.24,0
10378,1,22,8949,0.78,1
1652,0,9,41876,0.29,0
14134,1,0,6170,0.76,1
4624,0,16,85220,0.03,0
8775,1,4,2492,0.71,1
1787,1,9,79305,0.3,0
14971,1,1,9220,0.93,1
3886,0,8,41120,0.11,0
2399,0,19,70071,0.11,0
518,0,10,70251,0.21,0
8772,1,0,14944,0.8,1
7070,1,2,2350,0.67,1
4298,0,9,62863,0.29,0
13194,1,3,7173,0.86,1
6988,1,1,11167,0.78,1
7502,1,5,5781,0.75,1
1525,0,18,59422,0.18,0
1378,0,9,71588,0.16,0
2305,1,11,39867,0.1,0
2865,1,14,33180,0.02,0
10163,1,22,587,0.65,1
1258,0,19,34953,0.1,0
10273,1,1,10073,0.9,1
4781,0,19,34457,0.24,0
16566,1,5,2002,0.93,1
2142,0,14,85185,0.03,0
3657,1,10,28061,0.12,0
18046,1,5,4921,0.93,1
14177,1,23,6582,0.97,1
4269,0,20,78031,0.07,0
1392,0,11,26743,0.08,0
13890,1,4,13779,0.87,1
19004,1,2,13064,0.75,1
3687,1,10,78535,0.22,0
1602,0,16,97095,0.04,0
15005,1,5,1664,0.74,1
11904,1,3,10459,0.69,1
1972,1,16,52332,0.13,0
19107,1,3,12958,0.94,1
8581,1,22,9822,0.92,1
14418,1,3,13229,0.98,1
19892,1,3,12378,0.99,1
1932,0,20,27435,0.16,0
11065,1,0,6683,0.77,1
739,0,10,45092,0.16,0
16109,1,22,2664,0.82,1
9945,1,3,10901,0.77,1
2690,0,14,23880,0.05,0
16771,1,0,3285,0.7,1
12539,1,22,2074,0.96,1
16565,1,4,4490,0.64,1
15285,1,5,3189,0.95,1
1975,0,19,40316,0.15,0
14240,1,3,5908,0.78,1
13406,1,4,11738,0.92,1
15589,1,4,14616,0.77,1
4674,0,17,35994,0.21,0
181,0,13,76677,0.05,0
17931,1,1,11089,0.86,1
3635,0,14,33403,0.26,0
2807,1,18,56701,0.04,0
1022,0,14,66505,0.27,0
9258,1,5,3000,0.97,1
3736,1,17,67663,0.04,0
2028,1,13,57500,0.06,0
13206,1,3,7670,0.91,1
4224,1,8,21893,0.21,0
17232,1,4,8218,0.98,1
9117,1,1,4542,0.87,1
16362,1,0,9138,0.65,1
16910,1,3,3444,0.96,1
13653,1,3,2486,0.68,1
18161,1,1,12913,0.87,1
3107,1,16,83745,0.14,0
329,1,17,51819,0.13,0
2232,0,13,78032,0.29,0
3560,0,20,34292,0.2,0
2402,0,15,35620,0.05,0
222,0,12,77602,0.26,0
624,0,14,36532,0.26,0
2302,1,17,48477,0.13,0
17437,1,0,14718,0.74,1
11728,1,4,11962,0.68,1
299,1,12,87847,0.25,0
16270,1,1,14060,0.81,1
18040,1,22,6285,0.89,1
10597,1,23,12567,0.67,1
3033,0,14,82888,0.25,0
947,0,13,32446,0.25,0
2372,0,16,30750,0.3,0
16188,1,1,2064,0.89,1
3391,1,20,92233,0.07,0
4871,0,17,40269,0.1,0
3070,1,17,97225,0.06,0
15909,1,4,566,0.83,1
413,1,9,98929,0.25,0
8251,1,5,1304,0.79,1
10631,1,23,1735,0.85,1
17472,1,2,6516,0.61,1
19036,1,5,12892,0.66,1
4241,1,15,25077,0.19,0
1936,1,8,79902,0.28,0
7559,1,3,2007,0.96,1
2163,1,10,86830,0.21,0
2852,1,10,70755,0.14,0
2541,0,9,94854,0.27,0
2325,0,18,66118,0.28,0
8096,1,1,2708,0.64,1
2602,0,11,30737,0.21,0
7823,1,3,1856,0.72,1
12199,1,2,5731,0.92,1
8083,1,0,5034,0.64,1
7849,1,2,2100,0.64,1
10402,1,5,4299,0.85,1
11491,1,4,14167,0.67,1
16531,1,3,12968,0.66,1
7487,1,0,5509,0.81,1
7044,1,3,2931,0.62,1
1682,0,13,94329,0.14,0
4866,0,8,69252,0.06,0
10271,1,5,7726,0.87,1
4125,1,10,30195,0.09,0
17560,1,2,13934,0.95,1
4335,0,14,50562,0.18,0
14697,1,1,10771,0.97,1
461,1,8,89603,0.03,0
1152,1,16,68270,0.1,0
6681,1,4,4432,0.72,1
4949,0,19,80646,0.08,0
15485,1,2,4657,0.67,1
2249,0,9,51673,0.09,0
12713,1,23,11724,0.91,1
560,0,8,70227,0.28,0
19099,1,1,6879,0.85,1
1026,0,17,29247,0.22,0
4774,0,19,51362,0.07,0
18061,1,0,6541,0.76,1
4710,1,16,64722,0.06,0
2822,1,16,50337,0.03,0
6808,1,3,7219,0.88,1
4242,1,9,93548,0.25,0
14249,1,1,1853,0.89,1
14874,1,22,10700,0.89,1
17334,1,22,10169,0.83,1
4006,1,17,69464,0.25,0
910,0,8,63723,0.13,0
18737,1,2,10586,0.95,1
2805,0,15,58445,0.2,0
3864,0,9,73502,0.06,0
641,0,16,55694,0.29,0
10376,1,2,5368,0.73,1
18159,1,23,10950,0.6,1
4747,1,18,69853,0.16,0
14113,1,1,11152,0.76,1
10264,1,0,8646,0.94,1
13776,1,22,9219,0.92,1
17801,1,23,5119,0.74,1
16345,1,3,10600,0.92,1
11401,1,4,3522,0.94,1
2820,0,8,87306,0.21,0
4312,1,20,59462,0.16,0
15903,1,0,1252,0.82,1
1492,1,9,85641,0.22,0
7946,1,0,1595,0.84,1
7782,1,5,14736,0.7,1
16189,1,5,5369,0.79,1
1775,1,13,91218,0.05,0
4650,0,16,42760,0.06,0
9766,1,2,10236,0.66,1
15089,1,0,13568,0.96,1
7209,1,1,5398,0.8,1
16871,1,2,11577,0.74,1
803,0,10,39665,0.29,0
4328,1,16,26749,0.15,0
4324,1,20,76017,0.04,0
17560,1,1,1816,0.7,1
9170,1,5,855,0.99,1
3997,0,10,67599,0.09,0
927,0,16,33503,0.21,0
854,0,14,79557,0.26,0
1664,0,16,48561,0.12,0
4956,0,18,60297,0.05,0
17254,1,23,1055,0.79,1
17692,1,0,3186,0.87,1
8553,1,3,13686,0.92,1
11835,1,1,12011,0.81,1
8262,1,5,10808,0.71,1
10362,1,4,9302,0.82,1
2875,1,14,56445,0.13,0
12363,1,3,8722,0.8,1
7400,1,1,4571,0.82,1
2886,0,12,45988,0.29,0
6340,1,4,13831,0.79,1
4233,1,16,88993,0.23,0
15241,1,5,10396,0.66,1
16976,1,0,1318,0.94,1
4079,1,16,22017,0.19,0
1328,0,13,71586,0.19,0
16707,1,22,12856,0.78,1
7781,1,0,6843,0.8,1
6211,1,3,6659,0.63,1
6331,1,4,8544,0.6,1
1041,1,15,41359,0.26,0
6648,1,23,14309,0.61,1
2837,1,18,43519,0.24,0
903,0,12,48840,0.23,0
4341,1,17,81892,0.05,0
627,0,17,97462,0.26,0
532,0,12,44976,0.15,0
3150,1,20,83645,0.26,0
13526,1,23,7232,0.91,1
1873,0,15,91185,0.18,0
2051,0,8,95282,0.08,0
1094,1,9,20595,0.17,0
15033,1,1,4939,0.97,1
6858,1,23,7885,0.67,1
10317,1,22,12644,0.61,1
15487,1,2,13805,0.71,1
2145,0,8,31953,0.11,0
1908,0,13,24055,0.09,0
15281,1,0,12367,0.86,1
4454,0,14,98816,0.22,0
15316,1,5,3360,0.89,1
16702,1,4,9836,0.68,1
3353,0,17,69111,0.06,0
2765,0,15,23513,0.07,0
17372,1,22,12622,0.75,1
437,0,12,46393,0.15,0
12370,1,23,6459,0.7,1
11993,1,5,12230,0.68,1
3007,0,18,64527,0.18,0
11085,1,22,7046,0.66,1
4610,1,12,23435,0.02,0
4466,1,13,72389,0.19,0
3030,0,15,99553,0.04,0
1536,0,9,35357,0.16,0
1837,1,10,98218,0.18,0
3631,0,14,66157,0.16,0
14266,1,22,8712,0.89,1
15230,1,2,5155,0.93,1
3871,1,9,37558,0.12,0
1383,0,15,52376,0.3,0
18388,1,4,14469,0.62,1
342,0,8,79946,0.06,0
7541,1,5,3265,0.82,1
4807,0,9,20769,0.22,0
3072,0,14,38653,0.29,0
1281,1,13,34706,0.04,0
13450,1,1,11595,0.87,1
1993,1,18,23285,0.06,0
420,1,19,90968,0.29,0
17239,1,3,7354,0.76,1
2030,1,10,46739,0.28,0
3967,0,9,40187,0.02,0
14809,1,5,3808,0.87,1
14067,1,2,14935,0.9,1
1477,0,14,50782,0.12,0
4933,0,15,76411,0.24,0
8523,1,22,10177,0.67,1
10581,1,3,6109,0.9,1
3283,0,13,33163,0.06,0
4445,1,19,94599,0.26,0
2922,1,14,22413,0.07,0
10498,1,1,3068,0.9,1
6209,1,0,5411,0.67,1
6792,1,3,14401,0.63,1
3210,0,18,83079,0.04,0
10419,1,2,7814,0.84,1
6212,1,2,12770,0.99,1
4947,0,13,33777,0.25,0
4965,0,13,43290,0.1,0
3392,1,9,77089,0.14,0
837,1,15,34779,0.19,0
13173,1,3,5746,0.92,1
4086,0,8,83722,0.12,0
609,0,12,98608,0.14,0
13777,1,0,7019,0.89,1
7777,1,22,8130,0.72,1
3767,1,10,44502,0.21,0
7325,1,5,12414,0.87,1
14998,1,2,3222,0.9,1
4233,0,12,21242,0.01,0
7569,1,23,7746,0.92,1
3332,0,11,96508,0.09,0
16683,1,0,4560,0.82,1
7721,1,4,5816,0.61,1
10210,1,0,14464,0.81,1
19112,1,22,10107,0.68,1
468,0,18,55851,0.26,0
788,0,18,87005,0.17,0
3722,0,14,37207,0.06,0
10151,1,5,7920,0.71,1
17042,1,4,6034,0.85,1
8902,1,3,13891,0.94,1
1600,1,8,23641,0.22,0
495,0,18,90198,0.24,0
2721,1,15,45032,0.14,0
1104,0,14,28536,0.15,0
4852,0,20,94353,0.18,0
9994,1,22,8914,0.8,1
7568,1,3,14493,0.86,1
7736,1,22,12731,0.84,1
13002,1,0,1856,0.88,1
2768,1,17,40842,0.04,0
6667,1,2,6476,0.85,1
10070,1,22,9113,0.8,1
18349,1,4,10394,0.71,1
14789,1,5,891,0.76,1
8650,1,0,14817,0.65,1
3409,0,15,87067,0.26,0
10976,1,23,11374,0.91,1
3285,1,8,38807,0.11,0
4361,0,20,90248,0.23,0
18190,1,3,4015,0.93,1
11008,1,22,13372,0.72,1
8735,1,3,14419,0.96,1
501,1,13,48074,0.05,0
325,0,13,70493,0.22,0
3827,1,17,78453,0.22,0
6393,1,23,9535,0.63,1
6581,1,2,10631,0.82,1
9385,1,2,2768,0.81,1
13213,1,5,11955,0.7,1
2935,0,14,59601,0.3,0
2009,0,18,54731,0.25,0
6966,1,1,14948,0.61,1
12166,1,5,7467,0.67,1
2848,0,13,21067,0.21,0
4353,1,17,35187,0.21,0
2192,0,18,81245,0.28,0
12371,1,22,10698,0.69,1
14458,1,5,1337,0.98,1
18989,1,22,12053,0.89,1
18007,1,23,10665,0.89,1
4747,0,9,95956,0.19,0
4278,1,15,68367,0.29,0
2830,0,8,52624,0.19,0
17401,1,22,1377,0.69,1
18336,1,3,11528,0.65,1
4731,0,14,55454,0.16,0
2752,0,8,73015,0.01,0
134,1,11,88827,0.28,0
7558,1,2,6621,0.96,1
4539,1,19,25409,0.24,0
3842,1,20,76862,0.22,0
2674,0,9,95622,0.19,0
128,1,14,60524,0.27,0
3087,1,14,64645,0.11,0
3468,1,15,36956,0.07,0
4188,0,13,35210,0.14,0
2471,0,8,73412,0.11,0
12941,1,22,13964,0.87,1
14384,1,2,4345,0.66,1
191,1,8,66412,0.15,0
1175,0,16,26861,0.09,0
4049,1,12,27065,0.08,0
6597,1,4,7820,0.76,1
7877,1,4,12535,0.74,1
4695,0,13,99332,0.11,0
6665,1,22,8346,0.6,1
7079,1,3,8840,0.98,1
4827,0,19,86055,0.17,0
17736,1,2,7733,0.89,1
19947,1,1,12741,0.77,1
2288,0,17,61548,0.24,0
15599,1,5,8502,0.75,1
17582,1,0,10321,0.75,1
4898,0,19,36043,0.28,0
6400,1,23,10916,0.81,1
1975,0,16,25752,0.15,0
7353,1,2,5487,0.81,1
10311,1,3,11294,0.68,1
2302,1,20,40800,0.04,0
3771,0,17,64999,0.22,0
17109,1,4,5561,0.79,1
15321,1,0,5935,0.98,1
2077,1,18,83755,0.17,0
650,0,11,21587,0.17,0
11260,1,1,12188,0.85,1
812,1,14,76572,0.03,0
2533,1,10,31586,0.04,0
11322,1,22,14432,0.95,1
11257,1,5,8482,0.95,1
17249,1,22,5506,0.94,1
1495,0,9,27833,0.05,0
2753,0,18,98113,0.11,0
2614,0,11,44124,0.27,0
4283,0,19,31345,0.24,0
964,1,11,64484,0.02,0
3103,0,20,49377,0.16,0
1873,1,18,45762,0.1,0
2047,1,10,75283,0.24,0
4911,1,17,54207,0.22,0
4580,0,17,52873,0.1,0
6669,1,23,9434,0.6,1
2238,0,9,36493,0.25,0
12728,1,3,6184,0.7,1
2015,1,11,54815,0.22,0
2863,0,14,50408,0.05,0
4833,0,12,20370,0.03,0
2137,0,8,96349,0.02,0
14572,1,0,12341,0.91,1
12843,1,1,1886,0.96,1
15719,1,3,12824,0.82,1
3772,0,20,77175,0.28,0
8592,1,1,1990,0.91,1
13714,1,0,14810,0.79,1
932,1,16,57563,0.23,0
6440,1,4,14428,0.64,1
2467,0,14,90199,0.01,0
1404,0,13,45761,0.3,0
2207,0,8,24677,0.03,0
4364,0,17,38595,0.08,0
15735,1,1,10263,0.64,1
4641,0,19,86354,0.09,0
4621,0,9,58409,0.03,0
8001,1,0,4378,0.82,1
1906,0,20,42419,0.26,0
16344,1,1,7023,0.94,1
644,0,20,62249,0.1,0
4528,0,8,30974,0.3,0
16860,1,2,12629,0.62,1
9722,1,3,10525,0.74,1
12460,1,2,3891,0.91,1
4717,1,20,26458,0.06,0
2036,1,16,92833,0.05,0
9203,1,3,5673,0.96,1
3558,1,14,72683,0.16,0
14234,1,1,3849,0.68,1
3301,0,17,80303,0.21,0
15972,1,23,13219,0.93,1
13694,1,4,7583,0.96,1
3285,0,13,68506,0.2,0
398,1,12,74097,0.06,0
2989,1,16,97470,0.13,0
3239,0,13,47331,0.08,0
16095,1,22,4740,0.87,1
11298,1,0,2361,0.73,1
16058,1,23,8081,0.99,1
7098,1,23,2234,0.63,1
3516,1,17,43977,0.16,0
8070,1,22,7168,0.72,1
15921,1,23,9359,0.7,1
780,0,12,38847,0.11,0
2603,0,9,33541,0.07,0
12521,1,3,7064,0.9,1
8024,1,1,2986,0.81,1
4577,1,18,87853,0.07,0
8511,1,2,9141,0.86,1
13848,1,2,5904,0.96,1
7293,1,1,11794,0.91,1
4381,0,16,64990,0.21,0
8759,1,3,5755,0.85,1
1359,0,8,40707,0.24,0
18786,1,0,2385,0.76,1
13844,1,23,13950,0.96,1
15268,1,22,11873,0.67,1
12791,1,3,12430,0.81,1
969,0,19,29967,0.06,0
14627,1,3,7151,0.84,1
4400,1,11,82539,0.09,0
915,1,13,81260,0.16,0
8873,1,2,14923,0.97,1
3248,0,19,53012,0.12,0
1505,0,17,37276,0.01,0
13310,1,23,5140,0.9,1
1569,0,18,56142,0.02,0
16960,1,23,8734,0.77,1
11122,1,4,5887,0.95,1
2324,1,18,20560,0.16,0
1412,1,19,41329,0.1,0
1914,1,8,55645,0.13,0
11390,1,3,1245,0.83,1
17493,1,5,4523,0.93,1
1039,0,16,32213,0.05,0
17329,1,5,7687,0.88,1
11985,1,0,3914,0.94,1
160,0,13,25295,0.26,0
17580,1,22,11444,0.69,1
4505,1,9,67598,0.2,0
12722,1,1,4644,0.92,1
19632,1,2,5390,0.75,1
10228,1,22,2630,0.74,1
16588,1,22,2006,0.93,1
18363,1,5,12295,0.7,1
18616,1,1,4636,0.71,1
8689,1,22,11018,0.61,1
17663,1,0,512,0.63,1
3721,1,9,96850,0.24,0
11799,1,22,9312,0.63,1
1745,1,15,48067,0.01,0
3788,0,11,47624,0.14,0
13819,1,5,9093,0.99,1
4424,1,16,44843,0.18,0
11130,1,23,8380,0.66,1
1825,0,10,33663,0.02,0
1380,0,18,95591,0.25,0
716,1,14,24725,0.14,0
12287,1,0,1909,0.7,1
6256,1,1,2221,0.78,1
3090,1,20,31415,0.14,0
17662,1,2,12859,0.79,1
7306,1,1,2902,0.8,1
9399,1,3,12298,0.84,1
472,0,8,94051,0.18,0
19023,1,0,11085,0.89,1
15407,1,23,2407,0.77,1
1119,0,10,94391,0.18,0
6010,1,2,9730,0.61,1
9003,1,0,9767,0.89,1
3188,0,17,83294,0.1,0
3136,0,13,57606,0.27,0
3275,0,19,58262,0.19,0
15491,1,22,5650,0.79,1
204,0,20,57412,0.28,0
11873,1,2,4034,0.66,1
18388,1,23,6975,0.91,1
18006,1,1,8783,0.64,1
208,0,19,56821,0.27,0
10537,1,1,1745,0.9,1
14469,1,0,13356,0.73,1
8922,1,1,9530,0.96,1
129,0,13,78601,0.28,0
464,1,14,94632,0.05,0
16370,1,2,8660,0.78,1
4546,0,16,37157,0.16,0
6352,1,23,5702,0.64,1
4930,0,9,47213,0.16,0
10477,1,22,7033,0.72,1
13012,1,3,1365,0.63,1
703,0,10,25192,0.19,0
3480,1,13,54381,0.09,0
7879,1,4,4608,0.92,1
1174,0,18,46745,0.04,0
12681,1,4,9871,0.85,1
18369,1,3,14813,0.73,1
15795,1,3,3552,0.9,1
4903,0,10,55950,0.06,0
3260,0,17,45287,0.17,0
2748,1,8,92943,0.25,0
9574,1,3,13596,0.69,1
14462,1,23,9241,0.97,1
4763,1,14,42117,0.04,0
9240,1,2,5393,0.79,1
2358,0,17,65798,0.14,0
395,1,16,73450,0.04,0
13952,1,3,13114,0.96,1
6760,1,22,12385,0.77,1
464,1,19,52535,0.26,0
13939,1,0,9761,0.73,1
16447,1,0,14672,0.9,1
3181,0,19,87643,0.05,0
3033,1,17,99064,0.14,0
7559,1,5,6330,0.83,1
3963,0,13,30973,0.2,0
9006,1,22,1588,0.92,1
1280,0,18,40874,0.1,0
7597,1,0,4247,0.98,1
4925,1,20,44714,0.1,0
18672,1,5,10937,0.6,1
14759,1,22,13769,0.63,1
981,0,17,32612,0.05,0
2435,1,14,72137,0.13,0
4693,1,12,75355,0.23,0
14768,1,22,537,0.62,1
560,0,8,54600,0.16,0
3499,1,15,91947,0.22,0
16239,1,5,6220,0.63,1
356,0,17,64674,0.06,0
4511,0,9,74273,0.24,0
3316,0,11,42076,0.27,0
10939,1,3,3463,0.7,1
1076,0,17,80686,0.23,0
346,0,15,20636,0.29,0
19025,1,0,4683,0.97,1
4796,0,10,30778,0.23,0
8108,1,1,4114,0.67,1
3586,0,16,89868,0.03,0
4000,0,17,82543,0.02,0
17226,1,3,5068,0.81,1
18399,1,3,12055,0.92,1
19942,1,22,4612,0.8,1
13069,1,2,10588,0.84,1
18404,1,2,1379,0.97,1
15764,1,5,10340,0.61,1
7359,1,23,8648,0.67,1
9811,1,2,4717,0.67,1
2809,1,15,69819,0.14,0
17690,1,4,10037,0.79,1
1289,0,16,98287,0.27,0
7025,1,1,11103,0.72,1
2785,1,16,35831,0.16,0
4848,0,16,55794,0.13,0
4811,1,20,55057,0.1,0
3972,1,18,37824,0.11,0
2538,1,20,32975,0.24,0
18334,1,5,10664,0.62,1
4318,0,18,20840,0.03,0
16846,1,3,4618,0.78,1
15156,1,2,9687,0.8,1
11890,1,1,4811,0.67,1
14848,1,22,9805,0.77,1
6556,1,3,10996,0.92,1
19844,1,3,10053,0.94,1
9138,1,4,10340,0.63,1
6777,1,23,10971,0.77,1
3239,0,12,85139,0.15,0
15475,1,22,7263,0.72,1
15193,1,23,1546,0.71,1
8338,1,23,1000,0.77,1
19882,1,3,5108,0.95,1
13972,1,2,11024,0.6,1
19411,1,4,9680,0.85,1
10483,1,0,6401,0.89,1
8464,1,5,10915,0.88,1
952,1,11,63284,0.25,0
15950,1,4,12045,0.77,1
13394,1,5,5195,0.79,1
8588,1,22,2282,0.84,1
9520,1,3,11824,0.72,1
3857,0,8,60077,0.27,0
4036,0,8,95147,0.2,0
17109,1,22,10132,0.71,1
12468,1,5,6290,0.94,1
964,0,17,58985,0.17,0
10684,1,2,4270,0.73,1
10001,1,0,3983,0.63,1
1091,0,9,59159,0.29,0
166,1,14,69047,0.26,0
1824,0,19,59220,0.03,0
17204,1,0,6607,0.97,1
15678,1,3,12919,0.92,1
11024,1,0,14008,0.91,1
10729,1,1,11636,0.76,1
12655,1,1,1684,0.96,1
16003,1,23,1416,0.79,1
9319,1,22,1741,0.84,1
9133,1,22,2023,0.81,1
10928,1,1,3388,0.62,1
13282,1,1,14460,0.86,1
14719,1,23,12517,0.74,1
14578,1,1,11220,0.71,1
17720,1,4,1397,0.7,1
8686,1,4,6278,0.93,1
11013,1,2,5012,0.93,1
4280,1,11,96772,0.12,0
1092,0,11,21756,0.02,0
15083,1,0,9399,0.92,1
18674,1,22,11046,0.82,1
4635,1,15,37118,0.08,0
732,0,20,73251,0.16,0
2115,1,10,81407,0.11,0
7054,1,22,9072,0.95,1
16583,1,23,10284,0.92,1
8389,1,1,5638,0.97,1
15399,1,5,1044,0.89,1
2339,0,11,92154,0.28,0
16666,1,23,3630,0.88,1
3958,0,16,69608,0.21,0
17179,1,0,12576,0.76,1
7937,1,4,1646,0.84,1
4399,0,14,96292,0.22,0
13953,1,0,9524,0.99,1
17708,1,23,886,0.69,1
2653,0,15,81394,0.06,0
13028,1,22,6164,0.96,1
1052,1,13,32109,0.1,0
7854,1,23,3731,0.75,1
4083,0,19,37040,0.28,0
17532,1,23,7339,0.82,1
1862,0,13,29777,0.12,0
2540,0,9,31292,0.23,0
19923,1,4,1540,0.81,1
9629,1,2,7864,0.86,1
9094,1,22,6373,0.84,1
1689,1,20,97583,0.02,0
6694,1,23,13104,0.89,1
17990,1,5,4183,0.79,1
2071,0,15,31441,0.05,0
3342,1,18,87264,0.23,0
2242,0,18,24102,0.22,0
4737,0,16,75186,0.2,0
2981,1,12,99054,0.23,0
3459,0,15,65482,0.3,0
11539,1,1,4093,0.89,1
19468,1,4,3648,0.7,1
11607,1,2,13366,0.81,1
8210,1,22,7899,0.89,1
641,1,18,70624,0.18,0
11851,1,0,5766,0.94,1
4338,0,18,24722,0.25,0
14911,1,3,5076,0.71,1
772,0,18,40054,0.11,0
9523,1,22,6631,0.73,1
1689,1,10,84094,0.25,0
1176,0,14,62299,0.09,0
723,0,14,49765,0.28,0
3872,1,9,33435,0.28,0
9367,1,23,5641,0.82,1
16689,1,23,2073,0.64,1
2734,1,10,53979,0.16,0
1260,1,13,39924,0.16,0
10635,1,23,6401,0.66,1
17748,1,23,13773,0.91,1
278,0,16,57656,0.02,0
1312,0,8,56427,0.21,0
3916,1,13,78784,0.17,0
2321,0,20,57905,0.27,0
6591,1,22,8355,0.63,1
1754,1,20,39142,0.19,0
12431,1,5,12204,0.85,1
4282,0,20,49717,0.08,0
14751,1,4,9453,0.69,1
9785,1,2,5720,0.91,1
784,0,9,28007,0.09,0
2831,0,15,25782,0.11,0
1520,0,8,75186,0.09,0
9104,1,3,3805,0.85,1
1431,0,19,99301,0.06,0
3535,0,8,58031,0.24,0
17688,1,1,3392,0.72,1
8372,1,4,6290,0.88,1
6797,1,1,8735,0.93,1
17640,1,22,4580,0.84,1
1525,0,15,87428,0.18,0
15089,1,0,13232,0.63,1
19502,1,23,7173,0.75,1
1802,1,13,60180,0.26,0
16315,1,2,2814,0.73,1
3292,0,11,78481,0.25,0
7189,1,4,13490,0.86,1
3257,1,8,81821,0.26,0
13485,1,2,5869,0.88,1
19866,1,1,4523,0.92,1
4067,0,13,48460,0.01,0
3137,1,14,50990,0.25,0
3406,0,17,21391,0.13,0
1355,0,18,37273,0.09,0
845,0,19,86267,0.29,0
4397,0,11,34961,0.25,0
8538,1,22,8732,0.73,1
2515,0,11,39333,0.03,0
3566,0,15,21115,0.17,0
13372,1,5,3478,0.68,1
2766,1,12,57743,0.18,0
14090,1,22,12950,0.77,1
2694,1,20,80261,0.15,0
12030,1,4,4391,0.76,1
14498,1,2,2602,0.9,1
14107,1,0,742,0.72,1
14015,1,0,11242,0.75,1
14494,1,23,4830,0.86,1
2286,0,8,53414,0.01,0
19407,1,0,13200,0.77,1
334,1,13,62464,0.14,0
7374,1,23,2409,0.63,1
180,0,8,37140,0.23,0
3652,0,11,54262,0.18,0
1001,0,10,97518,0.15,0
2298,0,13,80520,0.07,0
15104,1,0,1963,0.65,1
4353,1,17,29884,0.11,0
758,0,15,45218,0.25,0
307,1,19,88422,0.05,0
14953,1,5,7354,0.83,1
19847,1,3,10138,0.78,1
11724,1,3,12920,0.61,1
18797,1,5,4112,0.76,1
1789,0,10,91325,0.02,0
7145,1,2,8442,0.66,1
7912,1,0,796,0.89,1
13630,1,5,14962,0.84,1
6994,1,2,7054,0.69,1
8515,1,23,1917,0.73,1
9932,1,2,6704,0.91,1
17036,1,22,9244,0.87,1
760,0,9,64721,0.04,0
2629,1,10,47843,0.09,0
4860,1,17,50346,0.04,0
4187,0,15,56787,0.23,0
19292,1,1,7755,0.86,1
18929,1,0,5367,0.93,1
16979,1,2,5855,0.86,1
8550,1,23,11641,0.84,1
1773,1,17,43241,0.08,0
10511,1,3,13757,0.76,1
4503,1,9,84356,0.01,0
4047,1,17,68888,0.04,0
6958,1,4,993,0.9,1
3070,1,8,69177,0.21,0
4257,1,10,99303,0.22,0
1625,0,16,66648,0.29,0
3183,1,19,58725,0.06,0
4328,0,19,56163,0.08,0
4370,0,12,89050,0.08,0
16767,1,0,8007,0.82,1
1477,0,8,24414,0.25,0
4153,0,19,58665,0.12,0
1216,1,18,24027,0.07,0
4487,1,11,91474,0.29,0
19406,1,5,8765,0.69,1
10853,1,5,3648,0.77,1
13933,1,4,1785,0.65,1
17228,1,2,2343,0.76,1
4449,0,11,40202,0.24,0
6331,1,5,8012,0.62,1
10931,1,3,13242,0.98,1
10408,1,1,8919,0.89,1
2965,0,13,98250,0.02,0
11741,1,5,12806,0.89,1
502,0,16,59023,0.09,0
3544,1,14,34440,0.02,0
3139,0,18,82524,0.02,0
19665,1,0,6847,0.84,1
4641,0,13,50531,0.19,0
4288,0,17,41711,0.04,0
18009,1,4,2854,0.61,1
12461,1,0,7544,0.61,1
1490,0,10,64028,0.07,0
6634,1,23,10091,0.88,1
3270,1,11,41061,0.13,0
19071,1,2,4776,0.79,1
3266,1,8,37629,0.12,0
3010,1,10,30588,0.07,0
4775,1,17,30599,0.08,0
3802,1,13,86567,0.07,0
16730,1,4,5067,0.64,1
3875,0,10,29308,0.3,0
19111,1,3,12180,0.8,1
628,1,17,88475,0.12,0
1429,0,17,34799,0.23,0
12044,1,23,7883,0.82,1
2627,0,10,69892,0.23,0
2100,0,16,21894,0.06,0
19011,1,22,8491,0.96,1
18700,1,3,11775,0.75,1
823,0,10,76697,0.29,0
669,1,9,53038,0.11,0
14930,1,0,1757,0.98,1
18373,1,2,9081,0.6,1
4344,0,20,30844,0.04,0
8911,1,23,12072,0.87,1
1209,0,8,44561,0.21,0
11911,1,1,3456,0.78,1
16638,1,4,5494,0.68,1
584,0,10,70867,0.24,0
9483,1,3,2257,0.6,1
3107,1,15,69063,0.05,0
18807,1,23,5992,0.63,1
4847,0,19,30686,0.18,0
2607,0,16,93030,0.03,0
9705,1,5,14526,0.63,1
6713,1,4,11580,0.85,1
14521,1,2,1707,0.76,1
8696,1,4,7573,0.73,1
19576,1,22,6275,0.88,1
8693,1,1,12926,0.65,1
861,1,19,91934,0.14,0
7555,1,1,9367,0.63,1
19380,1,4,12528,0.93,1
